Category,Front,Inside,Tags
"In the Quiet of Loss","Some people aren't just part of our story — they are the light we see it by.","In quiet moments, their memory glows softly,
remaining us of love that never fades.
Like fireflies dancing through dusk,
their light continues to guide us home.","sympathy,condolence,poetic,firefly,memorial"
"In the Quiet of Loss","The stars remember what we sometimes forget.","That love doesn't end — it only changes form.
Their warmth remains,
woven into every memory,
every quiet conversation,
every moment they made brighter just by being.","sympathy,condolence,short,celestial,grief"
"In the Quiet of Loss","They were proof that light can live on long after it's first given.","Some losses leave us wordless —
but never without love.
Their kindness echoes in a thousand small ways,
and though we ache with missing them,
we are richer for having known their light.","sympathy,condolence,loss,legacy,poetic"
"Another Year of Light","Another year of light shared, another year of memories made.","May your day glow as bright as fireflies on a summer evening.
Here's to celebrating you—
the warmth you bring, the joy you share,
and all the beautiful moments yet to come.","birthday,celebration,firefly"
"Another Year of Light","You make the world a little brighter just by being in it.","Here's to another trip around the sun,
another year of laughter,
another layer of light added to your story.
May this year bring you everything you hope for
and a few beautiful surprises too.","birthday,warm,hopeful"
"Another Year of Light","Today we celebrate the gift of you.","With every candle, we honor your journey—
the person you've been,
the person you're becoming,
and all the light you share along the way.
Happy Birthday, you magnificent soul.","birthday,personal,reflective"
"Under the Same Sky","You cross my mind in the quiet hours, and I'm reminded how steady friendship feels.","Some people aren't loud — they're just steady.
You're one of those people.
And I'm grateful for every moment
we've spent under the same sky,
walking this world together.","thinking,friendship,quiet,gratitude"
"Under the Same Sky","Distance doesn't dim the light between us.","You're on my mind today —
not for any reason other than the simple truth
that knowing you makes life better.
Thinking of you, always.","thinking,distance,connection,simple"
"Under the Same Sky","Just a reminder that you're not alone in this.","I don't always have the right words,
but I wanted you to know:
I see you. I'm here.
And whatever you're walking through,
you don't have to carry it by yourself.","thinking,support,presence,empathy"
"Gratitude in Bloom","Some kindnesses glow long after they're given.","Like a firefly's gentle light in the darkness,
your thoughtfulness brightened my world.
I'm grateful for you and the warmth you bring
to every moment we share.","thank-you,gratitude,firefly,warmth"
"Gratitude in Bloom","Thank you for being the kind of person who makes the world feel safer.","Your generosity didn't go unnoticed —
it landed right where it needed to,
and it meant more than you might realize.
Thank you for the light you share so freely.","thank-you,kindness,sincere,heartfelt"
"Gratitude in Bloom","You showed up when it mattered most.","Some gestures are small.
Some are life-changing.
Yours was both.
Thank you for seeing what I needed
and for offering it without hesitation.","thank-you,gratitude,meaningful,sincere"
"Season of Warmth","In this season of warmth and wonder, I'm thinking of you.","May your days be filled with the quiet glow of peace,
the brightness of joy,
and the comfort of knowing you're deeply cherished.
Wishing you light and love this season.","christmas,holiday,peaceful,warm"
"Season of Warmth","May this season wrap you in warmth and wonder.","Here's to cozy nights,
glowing lights,
and the magic of being surrounded
by the people who make life feel like home.
Happy Holidays to you and yours.","christmas,holiday,cozy,family"
"Season of Warmth","Sending light across the miles this holiday season.","Though we're apart,
you're woven into every warm memory,
every shared laugh,
every tradition that makes this season shine.
Thinking of you with love.","christmas,holiday,distance,memory"
"Stepping Into the Light","Some moments deserve to shine a little brighter.","You've earned this moment of light.
May it remind you of how far you've come,
how much you've grown,
and how brilliantly you shine.","graduation,achievement,proud,growth"
"Stepping Into the Light","What a beautiful threshold you're crossing.","This is your moment —
the one you worked for,
the one you deserve,
the one that marks the beginning
of everything you're about to become.
Congratulations. Go be extraordinary.","graduation,milestone,future"
"Stepping Into the Light","You did it. And we're all so proud.","All those late nights,
all those moments of doubt,
all that quiet determination —
it brought you here.
And this is just the beginning.","graduation,achievement,pride"
"Love, Still Growing","Another year, another ring in the tree.","What a beautiful thing you've built together.
Each year adds depth, warmth, and new reasons
to say 'still you.'
Here's to the story you're still writing,
one glowing chapter at a time.","anniversary,love,poetic"
"Love, Still Growing","You two are proof that love isn't static — it's a living, growing thing.","With every season, you've chosen each other.
With every challenge, you've held steady.
And with every year, you've made the choice
to keep building this beautiful life together.
Happy Anniversary.","anniversary,commitment,journey"
"Love, Still Growing","Here's to the love that deepens with time.","Some love burns bright and fast.
Yours is the kind that glows — steady, warm, enduring.
May you continue to grow together,
hand in hand, heart to heart.","anniversary,enduring,warm"
"New Light in the Grove","A new light has entered the world.","May this little soul grow surrounded by love,
illuminated by wonder,
and guided by all the gentle lights
who came before.
Welcome to the world, tiny firefly.","new-baby,baby,welcome,poetic"
"New Light in the Grove","The world just got a little brighter.","Congratulations on the arrival of your little one.
May their days be filled with laughter,
their nights with peace,
and their life with all the love
you've been waiting to give.","new-baby,baby,congratulations,joy"
"New Light in the Grove","What a gift — to witness a new story beginning.","Wishing you sleepy snuggles,
tiny yawns,
and all the quiet magic
that comes with welcoming new life.
Congratulations on your beautiful baby.","new-baby,baby,tender,blessing"
"Encouragement & Healing","The light always returns — even after the longest night.","Sending you warmth for the difficult days,
patience for the healing,
and the gentle reminder that brighter mornings are coming.
You're not alone in this.","thinking,healing,hope,support"
"Encouragement & Healing","Healing isn't linear — but you're moving forward, and that's what matters.","Some days will feel like progress.
Some will feel like setbacks.
But even on the hard days,
you're still here, still trying, still healing.
And that takes courage.","thinking,recovery,courage,realistic"
"Encouragement & Healing","You're stronger than you know.","Even when you don't feel strong,
even when the days are heavy,
you're still standing — and that matters.
Wishing you gentleness, rest, and brighter days ahead.","thinking,strength,gentle,encouragement"
"Friendship & Connection","You're one of the steady lights I look for in the dark.","Some people make the world feel less lonely,
just by existing in it.
You're one of those people.
Thank you for being a constant,
a joy, a light.","thinking,friendship,gratitude,steady"
"Friendship & Connection","Friendships like ours don't need a reason — they just are.","I'm grateful for you in the everyday,
unspoken ways —
the kind of gratitude that doesn't need a special occasion,
just a quiet acknowledgment that you matter.","thinking,friendship,simple,everyday"
"Friendship & Connection","Some people are home, no matter where you are.","You're that person for me.
The one I think of when I need steadiness.
The one who makes life feel a little lighter,
a little warmer, a little more like home.","thinking,friendship,home,comfort"
"Pet Remembrance","Their joy was simple, their love was pure — and it still glows.","They left paw prints on your heart
that time will never erase.
Their light was bright, their presence a gift,
and the love you shared
will always be a part of who you are.","sympathy,condolence,pet,loss,memorial"
"Pet Remembrance","They were small in size, but immeasurable in love.","The world feels quieter without them —
but the love they gave doesn't fade.
It lives on in every memory,
every walk, every quiet moment
they made extraordinary just by being there.","sympathy,condolence,pet,remembrance,love"
"Pet Remembrance","Some souls leave footprints that never wash away.","They gave you their whole heart,
and in return, you gave them the best life.
That kind of love doesn't end —
it just becomes part of the story you carry.","sympathy,condolence,pet,legacy,heartfelt"
"Just Because","No occasion, no need — just a little light to remind you you're loved.","Sometimes the best moments are the unplanned ones—
the unexpected reminders that someone's thinking of you.
This is one of those moments.
You matter. You're appreciated. You're loved.","thinking,just-because,simple,love"
"Just Because","Just checking in to say: you're thought of.","Not because it's your birthday,
not because of a holiday —
just because you're you,
and that's reason enough.","thinking,just-because,everyday,care"
"Just Because","Sometimes we need a reminder that we're seen.","This is yours.
You're doing better than you think.
You're more loved than you realize.
And you're exactly who you're meant to be.","thinking,encouragement,affirmation,kindness"
